Workbook

Sheet SO DETAILS
E1: LAPORAN STOCK OPNAME HARIAN <BRAND>
E2: SO SEBELUMNYA | H2: SO SEKARANG
A3: CBG01BDG (Bandung) | C3: 05/09/2026 | D3: Shift | E3: Taufik | F3: Closing | H3: CBG01BDG (Bandung) | J3: 05/09/2026 | K3: Shift | L3: Sabat | M3: Opening
A4: INFORMASI BARANG | K4: HASIL ANALISIS
A5: No | B5: NAMA BARANG | C5: SATUAN | D5: THRESHOLD | E5: STEP 1 UTUH | F5: STEP 2 TERBUKA | G5: TOTAL | H5: STEP 1 UTUH | I5: STEP 2 TERBUKA | J5: TOTAL 2 | K5: PEMAKAIAN | L5: STATUS STOK | M5: KETERANGAN
A6: 27 | B6: Dus Hampers | C6: pcs | D6: 2 | E6: 0 | F6: 1 | G6: 1 | H6: 0 | I6: 1 | J6: =H6+I6 -> 1 | K6: =IF(COUNTA(G6,J6)=0,"",IF(J6-G6=0,0,IF(J6-G6>0,"+"&(J6-G6),J6-G6))) -> 0 | L6: =IF(D6=0,"—",IF(J6<=D6,"🔴 KRITIS",IF(J6<=D6*2,"🟠 HAMPIR HABIS","🟢 AMAN"))) -> 🔴 KRITIS
A7: 28 | B7: Box Berbagi | C7: pcs | D7: 2 | E7: 0 | F7: 0 | G7: 0 | H7: 0 | I7: 0 | J7: =H7+I7 -> 0 | K7: =IF(COUNTA(G7,J7)=0,"",IF(J7-G7=0,0,IF(J7-G7>0,"+"&(J7-G7),J7-G7))) -> 0 | L7: =IF(D7=0,"—",IF(J7<=D7,"🔴 KRITIS",IF(J7<=D7*2,"🟠 HAMPIR HABIS","🟢 AMAN"))) -> 🔴 KRITIS
A8: 2 | B8: Bumbu Mix | C8: pcs | D8: ='⚙️ Master Threshold'!E7 -> 1 | E8: 0 | F8: 1 | G8: 1 | H8: 0 | I8: 1 | J8: =H8+I8 -> 1 | K8: =IF(COUNTA(G8,J8)=0,"",IF(J8-G8=0,0,IF(J8-G8>0,"+"&(J8-G8),J8-G8))) -> 0 | L8: =IF(D8=0,"—",IF(J8<=D8,"🔴 KRITIS",IF(J8<=D8*2,"🟠 HAMPIR HABIS","🟢 AMAN"))) -> 🔴 KRITIS
A9: 6 | B9: Mango Mint | C9: gr | D9: ='⚙️ Master Threshold'!E11 -> 8 | E9: 0 | F9: 14 | G9: 7 | H9: 0 | I9: 14 | J9: =H9+I9-7 -> 7 | K9: =IF(COUNTA(G9,J9)=0,"",IF(J9-G9=0,0,IF(J9-G9>0,"+"&(J9-G9),J9-G9))) -> 0 | L9: =IF(D9=0,"—",IF(J9<=D9,"🔴 KRITIS",IF(J9<=D9*2,"🟠 HAMPIR HABIS","🟢 AMAN"))) -> 🔴 KRITIS
A10: 7 | B10: Mint Ice Cream | C10: gr | D10: ='⚙️ Master Threshold'!E12 -> 8 | E10: 0 | F10: 12 | G10: 5 | H10: 0 | I10: 12 | J10: =H10+I10-7 -> 5 | K10: =IF(COUNTA(G10,J10)=0,"",IF(J10-G10=0,0,IF(J10-G10>0,"+"&(J10-G10),J10-G10))) -> 0 | L10: =IF(D10=0,"—",IF(J10<=D10,"🔴 KRITIS",IF(J10<=D10*2,"🟠 HAMPIR HABIS","🟢 AMAN"))) -> 🔴 KRITIS
A11: 9 | B11: Snowy Cheese | C11: gr | D11: ='⚙️ Master Threshold'!E14 -> 380 | E11: 0 | F11: 434 | G11: 319 | H11: 0 | I11: 434 | J11: =H11+I11-115 -> 319 | K11: =IF(COUNTA(G11,J11)=0,"",IF(J11-G11=0,0,IF(J11-G11>0,"+"&(J11-G11),J11-G11))) -> 0 | L11: =IF(D11=0,"—",IF(J11<=D11,"🔴 KRITIS",IF(J11<=D11*2,"🟠 HAMPIR HABIS","🟢 AMAN"))) -> 🔴 KRITIS
A12: 20 | B12: Bon Cabe | C12: pcs | D12: ='⚙️ Master Threshold'!E25 -> 1 | E12: 0 | F12: 0 | G12: 0 | H12: 0 | I12: 0 | J12: =H12+I12 -> 0 | K12: =IF(COUNTA(G12,J12)=0,"",IF(J12-G12=0,0,IF(J12-G12>0,"+"&(J12-G12),J12-G12))) -> 0 | L12: =IF(D12=0,"—",IF(J12<=D12,"🔴 KRITIS",IF(J12<=D12*2,"🟠 HAMPIR HABIS","🟢 AMAN"))) -> 🔴 KRITIS
A13: 21 | B13: Plastik 15 | C13: pax | D13: ='⚙️ Master Threshold'!E26 -> 1 | E13: 0 | F13: 1 | G13: 1 | H13: 0 | I13: 1 | J13: =H13+I13 -> 1 | K13: =IF(COUNTA(G13,J13)=0,"",IF(J13-G13=0,0,IF(J13-G13>0,"+"&(J13-G13),J13-G13))) -> 0 | L13: =IF(D13=0,"—",IF(J13<=D13,"🔴 KRITIS",IF(J13<=D13*2,"🟠 HAMPIR HABIS","🟢 AMAN"))) -> 🔴 KRITIS
A14: 22 | B14: Plastik 24 | C14: pax | D14: ='⚙️ Master Threshold'!E27 -> 1 | E14: 0 | F14: 1 | G14: 1 | H14: 0 | I14: 1 | J14: =H14+I14 -> 1 | K14: =IF(COUNTA(G14,J14)=0,"",IF(J14-G14=0,0,IF(J14-G14>0,"+"&(J14-G14),J14-G14))) -> 0 | L14: =IF(D14=0,"—",IF(J14<=D14,"🔴 KRITIS",IF(J14<=D14*2,"🟠 HAMPIR HABIS","🟢 AMAN"))) -> 🔴 KRITIS
A15: 23 | B15: Plastik 30 | C15: pax | D15: ='⚙️ Master Threshold'!E28 -> 1 | E15: 0 | F15: 1 | G15: 1 | H15: 0 | I15: 1 | J15: =H15+I15 -> 1 | K15: =IF(COUNTA(G15,J15)=0,"",IF(J15-G15=0,0,IF(J15-G15>0,"+"&(J15-G15),J15-G15))) -> 0 | L15: =IF(D15=0,"—",IF(J15<=D15,"🔴 KRITIS",IF(J15<=D15*2,"🟠 HAMPIR HABIS","🟢 AMAN"))) -> 🔴 KRITIS
A16: 31 | B16: Katsubuoshi | C16: gr | D16: ='⚙️ Master Threshold'!E36 -> 5 | E16: 0 | F16: 0 | G16: 0 | H16: 0 | I16: 0 | J16: =H16+I16 -> 0 | K16: =IF(COUNTA(G16,J16)=0,"",IF(J16-G16=0,0,IF(J16-G16>0,"+"&(J16-G16),J16-G16))) -> 0 | L16: =IF(D16=0,"—",IF(J16<=D16,"🔴 KRITIS",IF(J16<=D16*2,"🟠 HAMPIR HABIS","🟢 AMAN"))) -> 🔴 KRITIS
A17: 11 | B17: Tepung Corndog | C17: gr | D17: 100 | E17: 0 | F17: 139 | G17: 139 | H17: 0 | I17: =53+86 -> 139 | J17: =H17+I17 -> 139 | K17: =IF(COUNTA(G17,J17)=0,"",IF(J17-G17=0,0,IF(J17-G17>0,"+"&(J17-G17),J17-G17))) -> 0 | L17: =IF(D17=0,"—",IF(J17<=D17,"🔴 KRITIS",IF(J17<=D17*2,"🟠 HAMPIR HABIS","🟢 AMAN"))) -> 🟠 HAMPIR HABIS
A18: 29 | B18: Botol Hampers | C18: pcs | D18: 2 | E18: 0 | F18: 3 | G18: 3 | H18: 0 | I18: 3 | J18: =H18+I18 -> 3 | K18: =IF(COUNTA(G18,J18)=0,"",IF(J18-G18=0,0,IF(J18-G18>0,"+"&(J18-G18),J18-G18))) -> 0 | L18: =IF(D18=0,"—",IF(J18<=D18,"🔴 KRITIS",IF(J18<=D18*2,"🟠 HAMPIR HABIS","🟢 AMAN"))) -> 🟠 HAMPIR HABIS
A19: 4 | B19: Bumbu Marinasi | C19: gr | D19: ='⚙️ Master Threshold'!E9 -> 125 | E19: 0 | F19: 174 | G19: 174 | H19: 0 | I19: 174 | J19: =H19+I19 -> 174 | K19: =IF(COUNTA(G19,J19)=0,"",IF(J19-G19=0,0,IF(J19-G19>0,"+"&(J19-G19),J19-G19))) -> 0 | L19: =IF(D19=0,"—",IF(J19<=D19,"🔴 KRITIS",IF(J19<=D19*2,"🟠 HAMPIR HABIS","🟢 AMAN"))) -> 🟠 HAMPIR HABIS
A20: 19 | B20: Samyang | C20: gr | D20: ='⚙️ Master Threshold'!E24 -> 45 | E20: 0 | F20: 83 | G20: 83 | H20: 0 | I20: 83 | J20: =H20+I20 -> 83 | K20: =IF(COUNTA(G20,J20)=0,"",IF(J20-G20=0,0,IF(J20-G20>0,"+"&(J20-G20),J20-G20))) -> 0 | L20: =IF(D20=0,"—",IF(J20<=D20,"🔴 KRITIS",IF(J20<=D20*2,"🟠 HAMPIR HABIS","🟢 AMAN"))) -> 🟠 HAMPIR HABIS
A21: 30 | B21: Gas Torch | C21: gr | D21: ='⚙️ Master Threshold'!E35 -> 100 | E21: 0 | F21: 102 | G21: 102 | H21: 0 | I21: 101 | J21: =H21+I21 -> 101 | K21: =IF(COUNTA(G21,J21)=0,"",IF(J21-G21=0,0,IF(J21-G21>0,"+"&(J21-G21),J21-G21))) -> -1 | L21: =IF(D21=0,"—",IF(J21<=D21,"🔴 KRITIS",IF(J21<=D21*2,"🟠 HAMPIR HABIS","🟢 AMAN"))) -> 🟠 HAMPIR HABIS
A22: 32 | B22: Spray Lemon Pepper | C22: gr | D22: ='⚙️ Master Threshold'!E37 -> 40 | E22: 0 | F22: 59 | G22: 59 | H22: 0 | I22: 59 | J22: =H22+I22 -> 59 | K22: =IF(COUNTA(G22,J22)=0,"",IF(J22-G22=0,0,IF(J22-G22>0,"+"&(J22-G22),J22-G22))) -> 0 | L22: =IF(D22=0,"—",IF(J22<=D22,"🔴 KRITIS",IF(J22<=D22*2,"🟠 HAMPIR HABIS","🟢 AMAN"))) -> 🟠 HAMPIR HABIS
A23: 25 | B23: Baking Soda | C23: gr | D23: 5 | E23: 0 | F23: 40 | G23: 40 | H23: 0 | I23: 40 | J23: =H23+I23 -> 40 | K23: =IF(COUNTA(G23,J23)=0,"",IF(J23-G23=0,0,IF(J23-G23>0,"+"&(J23-G23),J23-G23))) -> 0 | L23: =IF(D23=0,"—",IF(J23<=D23,"🔴 KRITIS",IF(J23<=D23*2,"🟠 HAMPIR HABIS","🟢 AMAN"))) -> 🟢 AMAN
A24: 1 | B24: Tepung Terigu | C24: kg | D24: ='⚙️ Master Threshold'!E6 -> 2 | E24: 20 | F24: 0 | G24: 20 | H24: 20 | I24: 0 | J24: =H24+I24 -> 20 | K24: =IF(COUNTA(G24,J24)=0,"",IF(J24-G24=0,0,IF(J24-G24>0,"+"&(J24-G24),J24-G24))) -> 0 | L24: =IF(D24=0,"—",IF(J24<=D24,"🔴 KRITIS",IF(J24<=D24*2,"🟠 HAMPIR HABIS","🟢 AMAN"))) -> 🟢 AMAN
A25: 3 | B25: Minyak liquid | C25: kg -+ | D25: ='⚙️ Master Threshold'!E8 -> 5 | E25: 38 | F25: 0 | G25: 38 | H25: 36 | I25: 17 | J25: =H25+I25 -> 53 | K25: =IF(COUNTA(G25,J25)=0,"",IF(J25-G25=0,0,IF(J25-G25>0,"+"&(J25-G25),J25-G25))) -> +15 | L25: =IF(D25=0,"—",IF(J25<=D25,"🔴 KRITIS",IF(J25<=D25*2,"🟠 HAMPIR HABIS","🟢 AMAN"))) -> 🟢 AMAN
A26: 5 | B26: Beras | C26: kg | D26: ='⚙️ Master Threshold'!E10 -> 1 | E26: 0 | F26: 4 | G26: 4 | H26: 0 | I26: 3 | J26: =H26+I26 -> 3 | K26: =IF(COUNTA(G26,J26)=0,"",IF(J26-G26=0,0,IF(J26-G26>0,"+"&(J26-G26),J26-G26))) -> -1 | L26: =IF(D26=0,"—",IF(J26<=D26,"🔴 KRITIS",IF(J26<=D26*2,"🟠 HAMPIR HABIS","🟢 AMAN"))) -> 🟢 AMAN
A27: 8 | B27: Vanilla Rose | C27: gr | D27: ='⚙️ Master Threshold'!E13 -> 8 | E27: 0 | F27: 39 | G27: 32 | H27: 0 | I27: 39 | J27: =H27+I27-7 -> 32 | K27: =IF(COUNTA(G27,J27)=0,"",IF(J27-G27=0,0,IF(J27-G27>0,"+"&(J27-G27),J27-G27))) -> 0 | L27: =IF(D27=0,"—",IF(J27<=D27,"🔴 KRITIS",IF(J27<=D27*2,"🟠 HAMPIR HABIS","🟢 AMAN"))) -> 🟢 AMAN
A28: 10 | B28: Tepung Panir | C28: gr | D28: ='⚙️ Master Threshold'!E15 -> 125 | E28: 200 | F28: 160 | G28: 360 | H28: 200 | I28: 160 | J28: =H28+I28 -> 360 | K28: =IF(COUNTA(G28,J28)=0,"",IF(J28-G28=0,0,IF(J28-G28>0,"+"&(J28-G28),J28-G28))) -> 0 | L28: =IF(D28=0,"—",IF(J28<=D28,"🔴 KRITIS",IF(J28<=D28*2,"🟠 HAMPIR HABIS","🟢 AMAN"))) -> 🟢 AMAN
A29: 12 | B29: Cabe Sachet | C29: pcs | D29: ='⚙️ Master Threshold'!E17 -> 10 | E29: 24 | F29: 23 | G29: 47 | H29: 24 | I29: 23 | J29: =H29+I29 -> 47 | K29: =IF(COUNTA(G29,J29)=0,"",IF(J29-G29=0,0,IF(J29-G29>0,"+"&(J29-G29),J29-G29))) -> 0 | L29: =IF(D29=0,"—",IF(J29<=D29,"🔴 KRITIS",IF(J29<=D29*2,"🟠 HAMPIR HABIS","🟢 AMAN"))) -> 🟢 AMAN
A30: 13 | B30: Tomat Sachet | C30: pcs | D30: ='⚙️ Master Threshold'!E18 -> 10 | E30: 48 | F30: 16 | G30: 64 | H30: 48 | I30: 16 | J30: =H30+I30 -> 64 | K30: =IF(COUNTA(G30,J30)=0,"",IF(J30-G30=0,0,IF(J30-G30>0,"+"&(J30-G30),J30-G30))) -> 0 | L30: =IF(D30=0,"—",IF(J30<=D30,"🔴 KRITIS",IF(J30<=D30*2,"🟠 HAMPIR HABIS","🟢 AMAN"))) -> 🟢 AMAN
A31: 14 | B31: Nori | C31: gr | D31: ='⚙️ Master Threshold'!E19 -> 30 | E31: 41 | F31: 28 | G31: 69 | H31: 41 | I31: 28 | J31: =H31+I31 -> 69 | K31: =IF(COUNTA(G31,J31)=0,"",IF(J31-G31=0,0,IF(J31-G31>0,"+"&(J31-G31),J31-G31))) -> 0 | L31: =IF(D31=0,"—",IF(J31<=D31,"🔴 KRITIS",IF(J31<=D31*2,"🟠 HAMPIR HABIS","🟢 AMAN"))) -> 🟢 AMAN
A32: 15 | B32: Biji Wijen | C32: gr | D32: ='⚙️ Master Threshold'!E20 -> 30 | E32: 129 | F32: 68 | G32: 197 | H32: 129 | I32: 68 | J32: =H32+I32 -> 197 | K32: =IF(COUNTA(G32,J32)=0,"",IF(J32-G32=0,0,IF(J32-G32>0,"+"&(J32-G32),J32-G32))) -> 0 | L32: =IF(D32=0,"—",IF(J32<=D32,"🔴 KRITIS",IF(J32<=D32*2,"🟠 HAMPIR HABIS","🟢 AMAN"))) -> 🟢 AMAN
A33: 16 | B33: Gula Putih | C33: gr | D33: ='⚙️ Master Threshold'!E21 -> 100 | E33: 0 | F33: 459 | G33: 459 | H33: 0 | I33: 459 | J33: =H33+I33 -> 459 | K33: =IF(COUNTA(G33,J33)=0,"",IF(J33-G33=0,0,IF(J33-G33>0,"+"&(J33-G33),J33-G33))) -> 0 | L33: =IF(D33=0,"—",IF(J33<=D33,"🔴 KRITIS",IF(J33<=D33*2,"🟠 HAMPIR HABIS","🟢 AMAN"))) -> 🟢 AMAN
A34: 17 | B34: Garam | C34: gr | D34: ='⚙️ Master Threshold'!E22 -> 20 | E34: 104 | F34: 550 | G34: 654 | H34: 104 | I34: 550 | J34: =H34+I34 -> 654 | K34: =IF(COUNTA(G34,J34)=0,"",IF(J34-G34=0,0,IF(J34-G34>0,"+"&(J34-G34),J34-G34))) -> 0 | L34: =IF(D34=0,"—",IF(J34<=D34,"🔴 KRITIS",IF(J34<=D34*2,"🟠 HAMPIR HABIS","🟢 AMAN"))) -> 🟢 AMAN
A35: 25 | B35: Cheese Tteokbokki | C35: gr | D35: ='⚙️ Master Threshold'!E63 -> 75 | E35: 209 | F35: 76 | G35: 260 | H35: 209 | I35: 76 | J35: =H35+I35-25 -> 260 | K35: =IF(COUNTA(G35,J35)=0,"",IF(J35-G35=0,0,IF(J35-G35>0,"+"&(J35-G35),J35-G35))) -> 0 | L35: =IF(D35=0,"—",IF(J35<=D35,"🔴 KRITIS",IF(J35<=D35*2,"🟠 HAMPIR HABIS","🟢 AMAN"))) -> 🟢 AMAN
A36: 18 | B36: Cajun | C36: gr | D36: ='⚙️ Master Threshold'!E23 -> 20 | E36: 0 | F36: 191 | G36: 191 | H36: 0 | I36: 191 | J36: =H36+I36 -> 191 | K36: =IF(COUNTA(G36,J36)=0,"",IF(J36-G36=0,0,IF(J36-G36>0,"+"&(J36-G36),J36-G36))) -> 0 | L36: =IF(D36=0,"—",IF(J36<=D36,"🔴 KRITIS",IF(J36<=D36*2,"🟠 HAMPIR HABIS","🟢 AMAN"))) -> 🟢 AMAN
A37: 24 | B37: Kaldu Odeng | C37: gr-+ | D37: ='⚙️ Master Threshold'!E29 -> 100 | E37: 0 | F37: 328 | G37: 328 | H37: 0 | I37: 328 | J37: =H37+I37 -> 328 | K37: =IF(COUNTA(G37,J37)=0,"",IF(J37-G37=0,0,IF(J37-G37>0,"+"&(J37-G37),J37-G37))) -> 0 | L37: =IF(D37=0,"—",IF(J37<=D37,"🔴 KRITIS",IF(J37<=D37*2,"🟠 HAMPIR HABIS","🟢 AMAN"))) -> 🟢 AMAN
A38: 26 | B38: Teh Tong Ji | C38: pcs | D38: ='⚙️ Master Threshold'!E31 -> 3 | E38: 0 | F38: 23 | G38: 23 | H38: 0 | I38: 23 | J38: =H38+I38 -> 23 | K38: =IF(COUNTA(G38,J38)=0,"",IF(J38-G38=0,0,IF(J38-G38>0,"+"&(J38-G38),J38-G38))) -> 0 | L38: =IF(D38=0,"—",IF(J38<=D38,"🔴 KRITIS",IF(J38<=D38*2,"🟠 HAMPIR HABIS","🟢 AMAN"))) -> 🟢 AMAN
B39: ▶ AREA MEJA BIRU DEPAN | K39: =IF(COUNTA(G39,J39)=0,"",IF(J39-G39=0,0,IF(J39-G39>0,"+"&(J39-G39),J39-G39)))
B42: ▶ AREA CHILLER | K42: =IF(COUNTA(G42,J42)=0,"",IF(J42-G42=0,0,IF(J42-G42>0,"+"&(J42-G42),J42-G42)))
A43: No | B43: NAMA BARANG | C43: SATUAN | D43: THRESHOLD | E43: STEP 1 UTUH | F43: STEP 2 TERBUKA | G43: TOTAL | H43: STEP 1 UTUH | I43: STEP 2 TERBUKA | J43: TOTAL 2 | K43: PEMAKAIAN | L43: STATUS STOK | M43: KETERANGAN
A44: 11 | B44: Selai Soju | C44: gr | D44: 1 | E44: 0 | F44: 0 | G44: 0 | H44: 0 | I44: 0 | J44: =H44+I44 -> 0 | K44: =IF(COUNTA(G44,J44)=0,"",IF(J44-G44=0,0,IF(J44-G44>0,"+"&(J44-G44),J44-G44))) -> 0 | L44: =IF(D44=0,"—",IF(J44<=D44,"🔴 KRITIS",IF(J44<=D44*2,"🟠 HAMPIR HABIS","🟢 AMAN"))) -> 🔴 KRITIS
A45: 4 | B45: Kimchi | C45: gr | D45: ='⚙️ Master Threshold'!E42 -> 90 | E45: 0 | F45: 0 | G45: 0 | H45: 0 | I45: 0 | J45: =H45+I45 -> 0 | K45: =IF(COUNTA(G45,J45)=0,"",IF(J45-G45=0,0,IF(J45-G45>0,"+"&(J45-G45),J45-G45))) -> 0 | L45: =IF(D45=0,"—",IF(J45<=D45,"🔴 KRITIS",IF(J45<=D45*2,"🟠 HAMPIR HABIS","🟢 AMAN"))) -> 🔴 KRITIS
A46: 7 | B46: Yangnyeom | C46: gr | D46: ='⚙️ Master Threshold'!E45 -> 90 | E46: 0 | F46: 0 | G46: -42 | H46: 0 | I46: 0 | J46: =H46+I46-42 -> -42 | K46: =IF(COUNTA(G46,J46)=0,"",IF(J46-G46=0,0,IF(J46-G46>0,"+"&(J46-G46),J46-G46))) -> 0 | L46: =IF(D46=0,"—",IF(J46<=D46,"🔴 KRITIS",IF(J46<=D46*2,"🟠 HAMPIR HABIS","🟢 AMAN"))) -> 🔴 KRITIS
A47: 13 | B47: BBQ Sauce | C47: gr -+ | D47: ='⚙️ Master Threshold'!E51 -> 1000 | E47: 0 | F47: 1.296 | G47: 831 | H47: 0 | I47: 1296 | J47: =H47+I47-465 -> 831 | K47: =IF(COUNTA(G47,J47)=0,"",IF(J47-G47=0,0,IF(J47-G47>0,"+"&(J47-G47),J47-G47))) -> 0 | L47: =IF(D47=0,"—",IF(J47<=D47,"🔴 KRITIS",IF(J47<=D47*2,"🟠 HAMPIR HABIS","🟢 AMAN"))) -> 🔴 KRITIS
A48: 24 | B48: Chili Oil Jago-Jago | C48: gr | D48: ='⚙️ Master Threshold'!E62 -> 100 | E48: 0 | F48: 0 | G48: 42 | H48: 0 | I48: 42 | J48: =H48+I48 -> 42 | K48: =IF(COUNTA(G48,J48)=0,"",IF(J48-G48=0,0,IF(J48-G48>0,"+"&(J48-G48),J48-G48))) -> 0 | L48: =IF(D48=0,"—",IF(J48<=D48,"🔴 KRITIS",IF(J48<=D48*2,"🟠 HAMPIR HABIS","🟢 AMAN"))) -> 🔴 KRITIS
A49: 1 | B49: Ultra (susu) | C49: gr | D49: ='⚙️ Master Threshold'!E39 -> 250 | E49: 0 | F49: 385 | G49: 385 | H49: 0 | I49: 385 | J49: =H49+I49 -> 385 | K49: =IF(COUNTA(G49,J49)=0,"",IF(J49-G49=0,0,IF(J49-G49>0,"+"&(J49-G49),J49-G49))) -> 0 | L49: =IF(D49=0,"—",IF(J49<=D49,"🔴 KRITIS",IF(J49<=D49*2,"🟠 HAMPIR HABIS","🟢 AMAN"))) -> 🟠 HAMPIR HABIS
A50: 12 | B50: Gochujang | C50: gr -+ | D50: ='⚙️ Master Threshold'!E50 -> 1000 | E50: 1055 | F50: 771 | G50: 1361 | H50: 1055 | I50: 771 | J50: =H50+I50-465 -> 1361 | K50: =IF(COUNTA(G50,J50)=0,"",IF(J50-G50=0,0,IF(J50-G50>0,"+"&(J50-G50),J50-G50))) -> 0 | L50: =IF(D50=0,"—",IF(J50<=D50,"🔴 KRITIS",IF(J50<=D50*2,"🟠 HAMPIR HABIS","🟢 AMAN"))) -> 🟠 HAMPIR HABIS
A51: 18 | B51: Gourmet | C51: gr | D51: ='⚙️ Master Threshold'!E56 -> 250 | E51: 500 | F51: 0 | G51: 500 | H51: 500 | I51: 0 | J51: =H51+I51 -> 500 | K51: =IF(COUNTA(G51,J51)=0,"",IF(J51-G51=0,0,IF(J51-G51>0,"+"&(J51-G51),J51-G51))) -> 0 | L51: =IF(D51=0,"—",IF(J51<=D51,"🔴 KRITIS",IF(J51<=D51*2,"🟠 HAMPIR HABIS","🟢 AMAN"))) -> 🟠 HAMPIR HABIS
A52: 19 | B52: Pasta Strawberry | C52: gr | D52: ='⚙️ Master Threshold'!E57 -> 70 | E52: 0 | F52: 90 | G52: 90 | H52: 0 | I52: 90 | J52: =H52+I52 -> 90 | K52: =IF(COUNTA(G52,J52)=0,"",IF(J52-G52=0,0,IF(J52-G52>0,"+"&(J52-G52),J52-G52))) -> 0 | L52: =IF(D52=0,"—",IF(J52<=D52,"🔴 KRITIS",IF(J52<=D52*2,"🟠 HAMPIR HABIS","🟢 AMAN"))) -> 🟠 HAMPIR HABIS
A53: 21 | B53: Pasta Banana | C53: gr | D53: ='⚙️ Master Threshold'!E59 -> 290 | E53: 0 | F53: 523 | G53: 473 | H53: 0 | I53: 523 | J53: =H53+I53-50 -> 473 | K53: =IF(COUNTA(G53,J53)=0,"",IF(J53-G53=0,0,IF(J53-G53>0,"+"&(J53-G53),J53-G53))) -> 0 | L53: =IF(D53=0,"—",IF(J53<=D53,"🔴 KRITIS",IF(J53<=D53*2,"🟠 HAMPIR HABIS","🟢 AMAN"))) -> 🟠 HAMPIR HABIS
A54: 22 | B54: Air Mineral | C54: pcs -+ | D54: ='⚙️ Master Threshold'!E60 -> 8 | E54: 0 | F54: 15 | G54: 15 | H54: 0 | I54: 15 | J54: =H54+I54 -> 15 | K54: =IF(COUNTA(G54,J54)=0,"",IF(J54-G54=0,0,IF(J54-G54>0,"+"&(J54-G54),J54-G54))) -> 0 | L54: =IF(D54=0,"—",IF(J54<=D54,"🔴 KRITIS",IF(J54<=D54*2,"🟠 HAMPIR HABIS","🟢 AMAN"))) -> 🟠 HAMPIR HABIS
A55: 26 | B55: Nashville | C55: gr | D55: ='⚙️ Master Threshold'!E64 -> 100 | E55: 0 | F55: 189 | G55: 147 | H55: 0 | I55: 189 | J55: =H55+I55-42 -> 147 | K55: =IF(COUNTA(G55,J55)=0,"",IF(J55-G55=0,0,IF(J55-G55>0,"+"&(J55-G55),J55-G55))) -> 0 | L55: =IF(D55=0,"—",IF(J55<=D55,"🔴 KRITIS",IF(J55<=D55*2,"🟠 HAMPIR HABIS","🟢 AMAN"))) -> 🟠 HAMPIR HABIS
A56: 2 | B56: Air Gula | C56: gr -+ | D56: ='⚙️ Master Threshold'!E40 -> 100 | E56: 0 | F56: 1000 | G56: 1000 | H56: 0 | I56: 1000 | J56: =H56+I56 -> 1000 | K56: =IF(COUNTA(G56,J56)=0,"",IF(J56-G56=0,0,IF(J56-G56>0,"+"&(J56-G56),J56-G56))) -> 0 | L56: =IF(D56=0,"—",IF(J56<=D56,"🔴 KRITIS",IF(J56<=D56*2,"🟠 HAMPIR HABIS","🟢 AMAN"))) -> 🟢 AMAN
A57: 5 | B57: Salted Egg | C57: gr | D57: ='⚙️ Master Threshold'!E43 -> 90 | E57: 350 | F57: 59 | G57: 367 | H57: 350 | I57: 59 | J57: =H57+I57-42 -> 367 | K57: =IF(COUNTA(G57,J57)=0,"",IF(J57-G57=0,0,IF(J57-G57>0,"+"&(J57-G57),J57-G57))) -> 0 | L57: =IF(D57=0,"—",IF(J57<=D57,"🔴 KRITIS",IF(J57<=D57*2,"🟠 HAMPIR HABIS","🟢 AMAN"))) -> 🟢 AMAN
A58: 6 | B58: Saos Onion | C58: gr | D58: ='⚙️ Master Threshold'!E44 -> 40 | E58: 1081 | F58: 249 | G58: 1330 | H58: 1081 | I58: 249 | J58: =H58+I58 -> 1330 | K58: =IF(COUNTA(G58,J58)=0,"",IF(J58-G58=0,0,IF(J58-G58>0,"+"&(J58-G58),J58-G58))) -> 0 | L58: =IF(D58=0,"—",IF(J58<=D58,"🔴 KRITIS",IF(J58<=D58*2,"🟠 HAMPIR HABIS","🟢 AMAN"))) -> 🟢 AMAN
A59: 8 | B59: Garlic Parmesan | C59: gr -+ | D59: ='⚙️ Master Threshold'!E46 -> 90 | E59: 0 | F59: 342 | G59: 342 | H59: 0 | I59: 342 | J59: =H59+I59 -> 342 | K59: =IF(COUNTA(G59,J59)=0,"",IF(J59-G59=0,0,IF(J59-G59>0,"+"&(J59-G59),J59-G59))) -> 0 | L59: =IF(D59=0,"—",IF(J59<=D59,"🔴 KRITIS",IF(J59<=D59*2,"🟠 HAMPIR HABIS","🟢 AMAN"))) -> 🟢 AMAN
A60: 33 | B60: Lemon Papper | C60: gr | D60: ='⚙️ Master Threshold'!E38 -> 100 | E60: 189 | F60: 131 | G60: 278 | H60: 189 | I60: 131 | J60: =H60+I60-42 -> 278 | K60: =IF(COUNTA(G60,J60)=0,"",IF(J60-G60=0,0,IF(J60-G60>0,"+"&(J60-G60),J60-G60))) -> 0 | L60: =IF(D60=0,"—",IF(J60<=D60,"🔴 KRITIS",IF(J60<=D60*2,"🟠 HAMPIR HABIS","🟢 AMAN"))) -> 🟢 AMAN
A61: 3 | B61: Mozzarella | C61: gr | D61: ='⚙️ Master Threshold'!E41 -> 200 | E61: 617 | F61: 166 | G61: 783 | H61: 617 | I61: 166 | J61: =H61+I61 -> 783 | K61: =IF(COUNTA(G61,J61)=0,"",IF(J61-G61=0,0,IF(J61-G61>0,"+"&(J61-G61),J61-G61))) -> 0 | L61: =IF(D61=0,"—",IF(J61<=D61,"🔴 KRITIS",IF(J61<=D61*2,"🟠 HAMPIR HABIS","🟢 AMAN"))) -> 🟢 AMAN
A62: 9 | B62: Takoyaki | C62: gr | D62: ='⚙️ Master Threshold'!E47 -> 25 | E62: 0 | F62: 89 | G62: 89 | H62: 0 | I62: 89 | J62: =H62+I62 -> 89 | K62: =IF(COUNTA(G62,J62)=0,"",IF(J62-G62=0,0,IF(J62-G62>0,"+"&(J62-G62),J62-G62))) -> 0 | L62: =IF(D62=0,"—",IF(J62<=D62,"🔴 KRITIS",IF(J62<=D62*2,"🟠 HAMPIR HABIS","🟢 AMAN"))) -> 🟢 AMAN
A63: 10 | B63: Bawang Bombay | C63: gr | D63: ='⚙️ Master Threshold'!E48 -> 25 | E63: 237 | F63: 48 | G63: 285 | H63: 237 | I63: 48 | J63: =H63+I63 -> 285 | K63: =IF(COUNTA(G63,J63)=0,"",IF(J63-G63=0,0,IF(J63-G63>0,"+"&(J63-G63),J63-G63))) -> 0 | L63: =IF(D63=0,"—",IF(J63<=D63,"🔴 KRITIS",IF(J63<=D63*2,"🟠 HAMPIR HABIS","🟢 AMAN"))) -> 🟢 AMAN
A64: 23 | B64: Keju Parmesan | C64: gr | D64: ='⚙️ Master Threshold'!E61 -> 40 | E64: 0 | F64: 93 | G64: 93 | H64: 0 | I64: 93 | J64: =H64+I64 -> 93 | K64: =IF(COUNTA(G64,J64)=0,"",IF(J64-G64=0,0,IF(J64-G64>0,"+"&(J64-G64),J64-G64))) -> 0 | L64: =IF(D64=0,"—",IF(J64<=D64,"🔴 KRITIS",IF(J64<=D64*2,"🟠 HAMPIR HABIS","🟢 AMAN"))) -> 🟢 AMAN
A65: 14 | B65: Mentai | C65: gr | D65: ='⚙️ Master Threshold'!E52 -> 270 | E65: 468 | F65: 491 | G65: 914 | H65: 468 | I65: 491 | J65: =H65+I65-45 -> 914 | K65: =IF(COUNTA(G65,J65)=0,"",IF(J65-G65=0,0,IF(J65-G65>0,"+"&(J65-G65),J65-G65))) -> 0 | L65: =IF(D65=0,"—",IF(J65<=D65,"🔴 KRITIS",IF(J65<=D65*2,"🟠 HAMPIR HABIS","🟢 AMAN"))) -> 🟢 AMAN
A66: 15 | B66: Mayonaise | C66: gr | D66: ='⚙️ Master Threshold'!E53 -> 250 | E66: 1000 | F66: 180 | G66: 1135 | H66: 1000 | I66: 180 | J66: =H66+I66-45 -> 1135 | K66: =IF(COUNTA(G66,J66)=0,"",IF(J66-G66=0,0,IF(J66-G66>0,"+"&(J66-G66),J66-G66))) -> 0 | L66: =IF(D66=0,"—",IF(J66<=D66,"🔴 KRITIS",IF(J66<=D66*2,"🟠 HAMPIR HABIS","🟢 AMAN"))) -> 🟢 AMAN
A67: 16 | B67: Topokki | C67: gr -+ | D67: ='⚙️ Master Threshold'!E54 -> 48 | E67: 0 | F67: 989 | G67: 989 | H67: 0 | I67: 989 | J67: =H67+I67 -> 989 | K67: =IF(COUNTA(G67,J67)=0,"",IF(J67-G67=0,0,IF(J67-G67>0,"+"&(J67-G67),J67-G67))) -> 0 | L67: =IF(D67=0,"—",IF(J67<=D67,"🔴 KRITIS",IF(J67<=D67*2,"🟠 HAMPIR HABIS","🟢 AMAN"))) -> 🟢 AMAN
A68: 17 | B68: Sosis | C68: pcs -+ | D68: ='⚙️ Master Threshold'!E55 -> 4 | E68: 8 | F68: 1 | G68: 9 | H68: 8 | I68: 1 | J68: =H68+I68 -> 9 | K68: =IF(COUNTA(G68,J68)=0,"",IF(J68-G68=0,0,IF(J68-G68>0,"+"&(J68-G68),J68-G68))) -> 0 | L68: =IF(D68=0,"—",IF(J68<=D68,"🔴 KRITIS",IF(J68<=D68*2,"🟠 HAMPIR HABIS","🟢 AMAN"))) -> 🟢 AMAN
A69: 20 | B69: Pasta Blueberry | C69: gr | D69: ='⚙️ Master Threshold'!E58 -> 70 | E69: 0 | F69: 638 | G69: 638 | H69: 0 | I69: 638 | J69: =H69+I69 -> 638 | K69: =IF(COUNTA(G69,J69)=0,"",IF(J69-G69=0,0,IF(J69-G69>0,"+"&(J69-G69),J69-G69))) -> 0 | L69: =IF(D69=0,"—",IF(J69<=D69,"🔴 KRITIS",IF(J69<=D69*2,"🟠 HAMPIR HABIS","🟢 AMAN"))) -> 🟢 AMAN
B72: ▶ AREA MEJA LACI | K72: =IF(COUNTA(G72,J72)=0,"",IF(J72-G72=0,0,IF(J72-G72>0,"+"&(J72-G72),J72-G72)))
A73: No | B73: NAMA BARANG | C73: SATUAN | D73: THRESHOLD | E73: STEP 1 UTUH | F73: STEP 2 TERBUKA | G73: TOTAL | H73: STEP 1 UTUH | I73: STEP 2 TERBUKA | J73: TOTAL 2 | K73: PEMAKAIAN | L73: STATUS STOK | M73: KETERANGAN
A74: 1 | B74: Sticker Thinwal | C74: pcs -+ | D74: ='⚙️ Master Threshold'!E97 -> 10 | E74: 0 | F74: 0 | G74: 0 | H74: 0 | I74: 0 | J74: =H74+I74 -> 0 | K74: =IF(COUNTA(G74,J74)=0,"",IF(J74-G74=0,0,IF(J74-G74>0,"+"&(J74-G74),J74-G74))) -> 0 | L74: =IF(D74=0,"—",IF(J74<=D74,"🔴 KRITIS",IF(J74<=D74*2,"🟠 HAMPIR HABIS","🟢 AMAN"))) -> 🔴 KRITIS
A75: 3 | B75: Cable Ties | C75: pax | D75: ='⚙️ Master Threshold'!E99 -> 1 | E75: 0 | F75: 1 | G75: 1 | H75: 0 | I75: 1 | J75: =H75+I75 -> 1 | K75: =IF(COUNTA(G75,J75)=0,"",IF(J75-G75=0,0,IF(J75-G75>0,"+"&(J75-G75),J75-G75))) -> 0 | L75: =IF(D75=0,"—",IF(J75<=D75,"🔴 KRITIS",IF(J75<=D75*2,"🟠 HAMPIR HABIS","🟢 AMAN"))) -> 🔴 KRITIS
A76: 4 | B76: Sticky Note | C76: pax | D76: ='⚙️ Master Threshold'!E100 -> 1 | E76: 0 | F76: 1 | G76: 1 | H76: 0 | I76: 1 | J76: =H76+I76 -> 1 | K76: =IF(COUNTA(G76,J76)=0,"",IF(J76-G76=0,0,IF(J76-G76>0,"+"&(J76-G76),J76-G76))) -> 0 | L76: =IF(D76=0,"—",IF(J76<=D76,"🔴 KRITIS",IF(J76<=D76*2,"🟠 HAMPIR HABIS","🟢 AMAN"))) -> 🔴 KRITIS
A77: =A76+1 -> 5 | B77: Dus Rice Box | C77: -+ pcs | D77: ='⚙️ Master Threshold'!E102 -> 50 | E77: 1 | F77: 6 | G77: 46029 | H77: 1 | I77: 6 | J77: =H77+I77 -> 7 | K77: =IF(COUNTA(G77,J77)=0,"",IF(J77-G77=0,0,IF(J77-G77>0,"+"&(J77-G77),J77-G77))) -> -46022 | L77: =IF(D77=0,"—",IF(J77<=D77,"🔴 KRITIS",IF(J77<=D77*2,"🟠 HAMPIR HABIS","🟢 AMAN"))) -> 🔴 KRITIS
A78: =A77+1 -> 6 | B78: Sumpit | C78: pcs -+ | D78: ='⚙️ Master Threshold'!E105 -> 50 | E78: 0 | F78: 30 | G78: 30 | H78: 0 | I78: 30 | J78: =H78+I78 -> 30 | K78: =IF(COUNTA(G78,J78)=0,"",IF(J78-G78=0,0,IF(J78-G78>0,"+"&(J78-G78),J78-G78))) -> 0 | L78: =IF(D78=0,"—",IF(J78<=D78,"🔴 KRITIS",IF(J78<=D78*2,"🟠 HAMPIR HABIS","🟢 AMAN"))) -> 🔴 KRITIS
A79: =A78+1 -> 7 | B79: Sendok Kayu | C79: pax | D79: ='⚙️ Master Threshold'!E108 -> 2 | E79: 0 | F79: 1 | G79: 1 | H79: 0 | I79: 1 | J79: =H79+I79 -> 1 | K79: =IF(COUNTA(G79,J79)=0,"",IF(J79-G79=0,0,IF(J79-G79>0,"+"&(J79-G79),J79-G79))) -> 0 | L79: =IF(D79=0,"—",IF(J79<=D79,"🔴 KRITIS",IF(J79<=D79*2,"🟠 HAMPIR HABIS","🟢 AMAN"))) -> 🔴 KRITIS
A80: =A79+1 -> 8 | B80: Plastik Kentang | C80: ikat/pack | D80: ='⚙️ Master Threshold'!E109 -> 1 | E80: 0 | F80: 1 | G80: 1 | H80: 0 | I80: 1 | J80: =H80+I80 -> 1 | K80: =IF(COUNTA(G80,J80)=0,"",IF(J80-G80=0,0,IF(J80-G80>0,"+"&(J80-G80),J80-G80))) -> 0 | L80: =IF(D80=0,"—",IF(J80<=D80,"🔴 KRITIS",IF(J80<=D80*2,"🟠 HAMPIR HABIS","🟢 AMAN"))) -> 🔴 KRITIS
A81: =A80+1 -> 9 | B81: Kertas Nasi Putih | C81: pax | D81: ='⚙️ Master Threshold'!E111 -> 1 | E81: 0 | F81: 1 | G81: 1 | H81: 0 | I81: 1 | J81: =H81+I81 -> 1 | K81: =IF(COUNTA(G81,J81)=0,"",IF(J81-G81=0,0,IF(J81-G81>0,"+"&(J81-G81),J81-G81))) -> 0 | L81: =IF(D81=0,"—",IF(J81<=D81,"🔴 KRITIS",IF(J81<=D81*2,"🟠 HAMPIR HABIS","🟢 AMAN"))) -> 🔴 KRITIS
A82: =A81+1 -> 10 | B82: Label Biasa | C82: lembar | D82: ='⚙️ Master Threshold'!E112 -> 20 | E82: 0 | F82: 0 | G82: 0 | H82: 0 | I82: 0 | J82: =H82+I82 -> 0 | K82: =IF(COUNTA(G82,J82)=0,"",IF(J82-G82=0,0,IF(J82-G82>0,"+"&(J82-G82),J82-G82))) -> 0 | L82: =IF(D82=0,"—",IF(J82<=D82,"🔴 KRITIS",IF(J82<=D82*2,"🟠 HAMPIR HABIS","🟢 AMAN"))) -> 🔴 KRITIS
A83: =A82+1 -> 11 | B83: Thinwal 1250 ml | C83: pax | D83: ='⚙️ Master Threshold'!E114 -> 1 | E83: 0 | F83: 0 | G83: 0 | H83: 0 | I83: 0 | J83: =H83+I83 -> 0 | K83: =IF(COUNTA(G83,J83)=0,"",IF(J83-G83=0,0,IF(J83-G83>0,"+"&(J83-G83),J83-G83))) -> 0 | L83: =IF(D83=0,"—",IF(J83<=D83,"🔴 KRITIS",IF(J83<=D83*2,"🟠 HAMPIR HABIS","🟢 AMAN"))) -> 🔴 KRITIS
A84: =A83+1 -> 12 | B84: Thinwal Putih (Berbagi) | C84: pcs | D84: ='⚙️ Master Threshold'!E115 -> 25 | E84: 0 | F84: 0 | G84: 0 | H84: 0 | I84: 0 | J84: =H84+I84 -> 0 | K84: =IF(COUNTA(G84,J84)=0,"",IF(J84-G84=0,0,IF(J84-G84>0,"+"&(J84-G84),J84-G84))) -> 0 | L84: =IF(D84=0,"—",IF(J84<=D84,"🔴 KRITIS",IF(J84<=D84*2,"🟠 HAMPIR HABIS","🟢 AMAN"))) -> 🔴 KRITIS
A85: =A84+1 -> 13 | B85: Aluminium Foil | C85: pcs | D85: ='⚙️ Master Threshold'!E116 -> 10 | E85: 0 | F85: 1 | G85: 1 | H85: 0 | I85: 1 | J85: =H85+I85 -> 1 | K85: =IF(COUNTA(G85,J85)=0,"",IF(J85-G85=0,0,IF(J85-G85>0,"+"&(J85-G85),J85-G85))) -> 0 | L85: =IF(D85=0,"—",IF(J85<=D85,"🔴 KRITIS",IF(J85<=D85*2,"🟠 HAMPIR HABIS","🟢 AMAN"))) -> 🔴 KRITIS
A86: =A85+1 -> 14 | B86: Kresek 50 | C86: pax | D86: ='⚙️ Master Threshold'!E118 -> 1 | E86: 0 | F86: 0 | G86: 0 | H86: 0 | I86: 0 | J86: =H86+I86 -> 0 | K86: =IF(COUNTA(G86,J86)=0,"",IF(J86-G86=0,0,IF(J86-G86>0,"+"&(J86-G86),J86-G86))) -> 0 | L86: =IF(D86=0,"—",IF(J86<=D86,"🔴 KRITIS",IF(J86<=D86*2,"🟠 HAMPIR HABIS","🟢 AMAN"))) -> 🔴 KRITIS
A87: =A86+1 -> 15 | B87: Kresek 40 | C87: pax | D87: ='⚙️ Master Threshold'!E119 -> 1 | E87: 0 | F87: 0 | G87: 0 | H87: 0 | I87: 0 | J87: =H87+I87 -> 0 | K87: =IF(COUNTA(G87,J87)=0,"",IF(J87-G87=0,0,IF(J87-G87>0,"+"&(J87-G87),J87-G87))) -> 0 | L87: =IF(D87=0,"—",IF(J87<=D87,"🔴 KRITIS",IF(J87<=D87*2,"🟠 HAMPIR HABIS","🟢 AMAN"))) -> 🔴 KRITIS
A88: =A87+1 -> 16 | B88: Kresek 30 Ayam | C88: pax | D88: ='⚙️ Master Threshold'!E120 -> 1 | E88: 0 | F88: 0 | G88: 0 | H88: 0 | I88: 0 | J88: =H88+I88 -> 0 | K88: =IF(COUNTA(G88,J88)=0,"",IF(J88-G88=0,0,IF(J88-G88>0,"+"&(J88-G88),J88-G88))) -> 0 | L88: =IF(D88=0,"—",IF(J88<=D88,"🔴 KRITIS",IF(J88<=D88*2,"🟠 HAMPIR HABIS","🟢 AMAN"))) -> 🔴 KRITIS
A89: =A88+1 -> 17 | B89: Tusuk Sate | C89: pax | D89: ='⚙️ Master Threshold'!E123 -> 1 | E89: 0 | F89: 1 | G89: 1 | H89: 0 | I89: 1 | J89: =H89+I89 -> 1 | K89: =IF(COUNTA(G89,J89)=0,"",IF(J89-G89=0,0,IF(J89-G89>0,"+"&(J89-G89),J89-G89))) -> 0 | L89: =IF(D89=0,"—",IF(J89<=D89,"🔴 KRITIS",IF(J89<=D89*2,"🟠 HAMPIR HABIS","🟢 AMAN"))) -> 🔴 KRITIS
A90: =A89+1 -> 18 | B90: Paper Bag | C90: -+ pcs | D90: ='⚙️ Master Threshold'!E125 -> 25 | E90: 0 | F90: 18 | G90: 18 | H90: 0 | I90: 18 | J90: =H90+I90 -> 18 | K90: =IF(COUNTA(G90,J90)=0,"",IF(J90-G90=0,0,IF(J90-G90>0,"+"&(J90-G90),J90-G90))) -> 0 | L90: =IF(D90=0,"—",IF(J90<=D90,"🔴 KRITIS",IF(J90<=D90*2,"🟠 HAMPIR HABIS","🟢 AMAN"))) -> 🔴 KRITIS
A91: =A90+1 -> 19 | B91: Tisu | C91: pax -+ | D91: ='⚙️ Master Threshold'!E126 -> 1 | E91: 0 | F91: 1 | G91: 1 | H91: 0 | I91: 1 | J91: =H91+I91 -> 1 | K91: =IF(COUNTA(G91,J91)=0,"",IF(J91-G91=0,0,IF(J91-G91>0,"+"&(J91-G91),J91-G91))) -> 0 | L91: =IF(D91=0,"—",IF(J91<=D91,"🔴 KRITIS",IF(J91<=D91*2,"🟠 HAMPIR HABIS","🟢 AMAN"))) -> 🔴 KRITIS
A92: =A91+1 -> 20 | B92: Cup Saos 50 ml | C92: pcs | D92: ='⚙️ Master Threshold'!E128 -> 10 | E92: 0 | F92: 0 | G92: 0 | H92: 0 | I92: 0 | J92: =H92+I92 -> 0 | K92: =IF(COUNTA(G92,J92)=0,"",IF(J92-G92=0,0,IF(J92-G92>0,"+"&(J92-G92),J92-G92))) -> 0 | L92: =IF(D92=0,"—",IF(J92<=D92,"🔴 KRITIS",IF(J92<=D92*2,"🟠 HAMPIR HABIS","🟢 AMAN"))) -> 🔴 KRITIS
A93: =A92+1 -> 21 | B93: Matcha (sachet) | C93: pcs | D93: ='⚙️ Master Threshold'!E130 -> 5 | E93: 0 | F93: 5 | G93: 5 | H93: 0 | I93: 5 | J93: =H93+I93 -> 5 | K93: =IF(COUNTA(G93,J93)=0,"",IF(J93-G93=0,0,IF(J93-G93>0,"+"&(J93-G93),J93-G93))) -> 0 | L93: =IF(D93=0,"—",IF(J93<=D93,"🔴 KRITIS",IF(J93<=D93*2,"🟠 HAMPIR HABIS","🟢 AMAN"))) -> 🔴 KRITIS
A94: =A93+1 -> 22 | B94: Trash Bag | C94: pax | D94: ='⚙️ Master Threshold'!E133 -> 1 | E94: 0 | F94: 1 | G94: 1 | H94: 0 | I94: 1 | J94: =H94+I94 -> 1 | K94: =IF(COUNTA(G94,J94)=0,"",IF(J94-G94=0,0,IF(J94-G94>0,"+"&(J94-G94),J94-G94))) -> 0 | L94: =IF(D94=0,"—",IF(J94<=D94,"🔴 KRITIS",IF(J94<=D94*2,"🟠 HAMPIR HABIS","🟢 AMAN"))) -> 🔴 KRITIS
A95: =A94+1 -> 23 | B95: Cup Bowl Mochikin | C95: pax | D95: ='⚙️ Master Threshold'!E134 -> 1 | E95: 0 | F95: 0 | G95: 0 | H95: 0 | I95: 0 | J95: =H95+I95 -> 0 | K95: =IF(COUNTA(G95,J95)=0,"",IF(J95-G95=0,0,IF(J95-G95>0,"+"&(J95-G95),J95-G95))) -> 0 | L95: =IF(D95=0,"—",IF(J95<=D95,"🔴 KRITIS",IF(J95<=D95*2,"🟠 HAMPIR HABIS","🟢 AMAN"))) -> 🔴 KRITIS
A96: =A95+1 -> 24 | B96: Sticker Cup Bowl | C96: lembar | D96: ='⚙️ Master Threshold'!E135 -> 10 | E96: 0 | F96: 0 | G96: 0 | H96: 0 | I96: 0 | J96: =H96+I96 -> 0 | K96: =IF(COUNTA(G96,J96)=0,"",IF(J96-G96=0,0,IF(J96-G96>0,"+"&(J96-G96),J96-G96))) -> 0 | L96: =IF(D96=0,"—",IF(J96<=D96,"🔴 KRITIS",IF(J96<=D96*2,"🟠 HAMPIR HABIS","🟢 AMAN"))) -> 🔴 KRITIS
A97: =A96+1 -> 25 | B97: Cup Minuman Mochikin | C97: pcs | D97: ='⚙️ Master Threshold'!E136 -> 1 | E97: 0 | F97: 0 | G97: 0 | H97: 0 | I97: 0 | J97: =H97+I97 -> 0 | K97: =IF(COUNTA(G97,J97)=0,"",IF(J97-G97=0,0,IF(J97-G97>0,"+"&(J97-G97),J97-G97))) -> 0 | L97: =IF(D97=0,"—",IF(J97<=D97,"🔴 KRITIS",IF(J97<=D97*2,"🟠 HAMPIR HABIS","🟢 AMAN"))) -> 🔴 KRITIS
A98: =A97+1 -> 26 | B98: Thinwal Bento | C98: pcs | D98: ='⚙️ Master Threshold'!E139 -> 5 | E98: 0 | F98: 0 | G98: 0 | H98: 0 | I98: 0 | J98: =H98+I98 -> 0 | K98: =IF(COUNTA(G98,J98)=0,"",IF(J98-G98=0,0,IF(J98-G98>0,"+"&(J98-G98),J98-G98))) -> 0 | L98: =IF(D98=0,"—",IF(J98<=D98,"🔴 KRITIS",IF(J98<=D98*2,"🟠 HAMPIR HABIS","🟢 AMAN"))) -> 🔴 KRITIS
A99: =A98+1 -> 27 | B99: Dus Silver | C99: pcs | D99: ='⚙️ Master Threshold'!E140 -> 5 | E99: 0 | F99: 0 | G99: 0 | H99: 0 | I99: 0 | J99: =H99+I99 -> 0 | K99: =IF(COUNTA(G99,J99)=0,"",IF(J99-G99=0,0,IF(J99-G99>0,"+"&(J99-G99),J99-G99))) -> 0 | L99: =IF(D99=0,"—",IF(J99<=D99,"🔴 KRITIS",IF(J99<=D99*2,"🟠 HAMPIR HABIS","🟢 AMAN"))) -> 🔴 KRITIS
A100: =A99+1 -> 28 | B100: Sendok | C100: pcs -+ | D100: ='⚙️ Master Threshold'!E107 -> 50 | E100: 50 | F100: 20 | G100: 70 | H100: 50 | I100: 20 | J100: =H100+I100 -> 70 | K100: =IF(COUNTA(G100,J100)=0,"",IF(J100-G100=0,0,IF(J100-G100>0,"+"&(J100-G100),J100-G100))) -> 0 | L100: =IF(D100=0,"—",IF(J100<=D100,"🔴 KRITIS",IF(J100<=D100*2,"🟠 HAMPIR HABIS","🟢 AMAN"))) -> 🟠 HAMPIR HABIS
A101: =A100+1 -> 29 | B101: Plastik Cetik | C101: pax | D101: ='⚙️ Master Threshold'!E110 -> 1 | E101: 0 | F101: 2 | G101: 2 | H101: 0 | I101: 2 | J101: =H101+I101 -> 2 | K101: =IF(COUNTA(G101,J101)=0,"",IF(J101-G101=0,0,IF(J101-G101>0,"+"&(J101-G101),J101-G101))) -> 0 | L101: =IF(D101=0,"—",IF(J101<=D101,"🔴 KRITIS",IF(J101<=D101*2,"🟠 HAMPIR HABIS","🟢 AMAN"))) -> 🟠 HAMPIR HABIS
A102: =A101+1 -> 30 | B102: Thinwal Biasa | C102: pax-pcs | D102: ='⚙️ Master Threshold'!E113 -> 20 | E102: 0 | F102: 30 | G102: 30 | H102: 0 | I102: 30 | J102: =H102+I102 -> 30 | K102: =IF(COUNTA(G102,J102)=0,"",IF(J102-G102=0,0,IF(J102-G102>0,"+"&(J102-G102),J102-G102))) -> 0 | L102: =IF(D102=0,"—",IF(J102<=D102,"🔴 KRITIS",IF(J102<=D102*2,"🟠 HAMPIR HABIS","🟢 AMAN"))) -> 🟠 HAMPIR HABIS
A103: =A102+1 -> 31 | B103: Sarung Tangan | C103: pax | D103: ='⚙️ Master Threshold'!E122 -> 1 | E103: 1 | F103: 1 | G103: 2 | H103: 1 | I103: 1 | J103: =H103+I103 -> 2 | K103: =IF(COUNTA(G103,J103)=0,"",IF(J103-G103=0,0,IF(J103-G103>0,"+"&(J103-G103),J103-G103))) -> 0 | L103: =IF(D103=0,"—",IF(J103<=D103,"🔴 KRITIS",IF(J103<=D103*2,"🟠 HAMPIR HABIS","🟢 AMAN"))) -> 🟠 HAMPIR HABIS
A104: =A103+1 -> 32 | B104: Korean Chocolate (sachet) | C104: pcs | D104: ='⚙️ Master Threshold'!E131 -> 5 | E104: 0 | F104: 10 | G104: 10 | H104: 0 | I104: 10 | J104: =H104+I104 -> 10 | K104: =IF(COUNTA(G104,J104)=0,"",IF(J104-G104=0,0,IF(J104-G104>0,"+"&(J104-G104),J104-G104))) -> 0 | L104: =IF(D104=0,"—",IF(J104<=D104,"🔴 KRITIS",IF(J104<=D104*2,"🟠 HAMPIR HABIS","🟢 AMAN"))) -> 🟠 HAMPIR HABIS
...

Sheet ⚙️ Master Threshold
A1: ⚙️ MASTER THRESHOLD — Atur Semua Batas Minimum Stok di Sini
A2: ✏️ Ubah angka di kolom THRESHOLD BARU. lalu simpan file. Semua sheet SO akan otomatis mengikuti.
A4: No | B4: NAMA BARANG | C4: AREA / LOKASI | D4: THRESHOLD SAAT INI | E4: THRESHOLD BARU ✏️ | F4: KETERANGAN / CATATAN
A5: ▶ MEJA BIRU DEPAN + CHILLER
A6: 1 | B6: Tepung Terigu | C6: Meja Biru + Chiller | D6: ='Meja Biru + Chiller'!D7 -> #REF! | E6: 2
A7: 2 | B7: Bumbu Mix | C7: Meja Biru + Chiller | D7: ='Meja Biru + Chiller'!D8 -> #REF! | E7: 1
A8: 3 | B8: Minyak Beku | C8: Meja Biru + Chiller | D8: ='Meja Biru + Chiller'!D9 -> #REF! | E8: 5
A9: 4 | B9: Bumbu Marinasi | C9: Meja Biru + Chiller | D9: ='Meja Biru + Chiller'!D10 -> #REF! | E9: 125
A10: 5 | B10: Beras | C10: Meja Biru + Chiller | D10: ='Meja Biru + Chiller'!D11 -> #REF! | E10: 1
A11: 6 | B11: Mango Mint | C11: Meja Biru + Chiller | D11: ='Meja Biru + Chiller'!D12 -> #REF! | E11: 8
A12: 7 | B12: Mint Ice Cream | C12: Meja Biru + Chiller | D12: ='Meja Biru + Chiller'!D13 -> #REF! | E12: 8
A13: 8 | B13: Vanilla Rose | C13: Meja Biru + Chiller | D13: ='Meja Biru + Chiller'!D14 -> #REF! | E13: 8
A14: 9 | B14: Snowy Cheese | C14: Meja Biru + Chiller | D14: ='Meja Biru + Chiller'!D15 -> #REF! | E14: =380 -> 380
A15: 10 | B15: Tepung Panir | C15: Meja Biru + Chiller | D15: ='Meja Biru + Chiller'!D16 -> #REF! | E15: 125
A16: 11 | B16: Tepung Corndog | C16: Meja Biru + Chiller | D16: ='Meja Biru + Chiller'!D17 -> #REF! | E16: 0
A17: 12 | B17: Cabe Sachet | C17: Meja Biru + Chiller | D17: ='Meja Biru + Chiller'!D18 -> #REF! | E17: 10
A18: 13 | B18: Tomat Sachet | C18: Meja Biru + Chiller | D18: ='Meja Biru + Chiller'!D19 -> #REF! | E18: 10
A19: 14 | B19: Nori | C19: Meja Biru + Chiller | D19: ='Meja Biru + Chiller'!D20 -> #REF! | E19: =30 -> 30
A20: 15 | B20: Biji Wijen | C20: Meja Biru + Chiller | D20: ='Meja Biru + Chiller'!D21 -> #REF! | E20: =30 -> 30
A21: 16 | B21: Gula Putih | C21: Meja Biru + Chiller | D21: ='Meja Biru + Chiller'!D22 -> #REF! | E21: =100 -> 100
A22: 17 | B22: Garam | C22: Meja Biru + Chiller | D22: ='Meja Biru + Chiller'!D23 -> #REF! | E22: =20 -> 20
A23: 18 | B23: Cajun | C23: Meja Biru + Chiller | D23: ='Meja Biru + Chiller'!D25 -> #REF! | E23: =20 -> 20
A24: 19 | B24: Samyang | C24: Meja Biru + Chiller | D24: ='Meja Biru + Chiller'!D26 -> #REF! | E24: =45 -> 45
A25: 20 | B25: Bon Cabe | C25: Meja Biru + Chiller | D25: ='Meja Biru + Chiller'!D27 -> #REF! | E25: 1
A26: 21 | B26: Plastik 15 | C26: Meja Biru + Chiller | D26: ='Meja Biru + Chiller'!D28 -> #REF! | E26: 1
A27: 22 | B27: Plastik 24 | C27: Meja Biru + Chiller | D27: ='Meja Biru + Chiller'!D29 -> #REF! | E27: 1
A28: 23 | B28: Plastik 30 | C28: Meja Biru + Chiller | D28: ='Meja Biru + Chiller'!D30 -> #REF! | E28: 1
A29: 24 | B29: Kaldu Odeng | C29: Meja Biru + Chiller | D29: ='Meja Biru + Chiller'!D31 -> #REF! | E29: =100 -> 100
A30: 25 | B30: Baking Soda | C30: Meja Biru + Chiller | D30: ='Meja Biru + Chiller'!D32 -> #REF! | E30: 0
A31: 26 | B31: Teh Tong Ji | C31: Meja Biru + Chiller | D31: ='Meja Biru + Chiller'!D33 -> #REF! | E31: 3
A32: 27 | B32: Dus Hampers | C32: Meja Biru + Chiller | D32: ='Meja Biru + Chiller'!D34 -> #REF! | E32: 0
A33: 28 | B33: Box Berbagi | C33: Meja Biru + Chiller | D33: ='Meja Biru + Chiller'!D35 -> #REF! | E33: 0
A34: 29 | B34: Botol Hampers | C34: Meja Biru + Chiller | D34: ='Meja Biru + Chiller'!D36 -> #REF! | E34: 0
A35: 30 | B35: Gas Torch | C35: Meja Biru + Chiller | D35: ='Meja Biru + Chiller'!D37 -> #REF! | E35: =100 -> 100
A36: 31 | B36: Katsubuoshi | C36: Meja Biru + Chiller | D36: ='Meja Biru + Chiller'!D38 -> #REF! | E36: 5
A37: 32 | B37: Spray Lemon Pepper | C37: Meja Biru + Chiller | D37: ='Meja Biru + Chiller'!D39 -> #REF! | E37: 40
A38: 33 | B38: Minyak Truffel | C38: Meja Biru + Chiller | D38: ='Meja Biru + Chiller'!D52 -> #REF! | E38: 100
A39: =A38+1 -> 34 | B39: Ultra (susu) | C39: Meja Biru + Chiller | D39: ='Meja Biru + Chiller'!D45 -> #REF! | E39: 250
A40: =A39+1 -> 35 | B40: Air Gula | C40: Meja Biru + Chiller | D40: ='Meja Biru + Chiller'!D46 -> #REF! | E40: 100
A41: =A40+1 -> 36 | B41: Mozzarella | C41: Meja Biru + Chiller | D41: ='Meja Biru + Chiller'!D53 -> #REF! | E41: 200
A42: =A41+1 -> 37 | B42: Kimchi | C42: Meja Biru + Chiller | D42: ='Meja Biru + Chiller'!D47 -> #REF! | E42: =90 -> 90
A43: =A42+1 -> 38 | B43: Salted Egg | C43: Meja Biru + Chiller | D43: ='Meja Biru + Chiller'!D48 -> #REF! | E43: 90
A44: =A43+1 -> 39 | B44: Saos Onion | C44: Meja Biru + Chiller | D44: ='Meja Biru + Chiller'!D49 -> #REF! | E44: =40 -> 40
A45: =A44+1 -> 40 | B45: Yangnyeom | C45: Meja Biru + Chiller | D45: ='Meja Biru + Chiller'!D50 -> #REF! | E45: =90 -> 90
A46: =A45+1 -> 41 | B46: Garlic Parmesan | C46: Meja Biru + Chiller | D46: ='Meja Biru + Chiller'!D51 -> #REF! | E46: =90 -> 90
A47: =A46+1 -> 42 | B47: Takoyaki | C47: Meja Biru + Chiller | D47: ='Meja Biru + Chiller'!D54 -> #REF! | E47: 25
A48: =A47+1 -> 43 | B48: Bawang Bombay | C48: Meja Biru + Chiller | D48: ='Meja Biru + Chiller'!D55 -> #REF! | E48: 25
A49: =A48+1 -> 44 | B49: Selai Soju | C49: Meja Biru + Chiller | D49: ='Meja Biru + Chiller'!D56 -> #REF! | E49: 0
A50: =A49+1 -> 45 | B50: Gochujang | C50: Meja Biru + Chiller | D50: ='Meja Biru + Chiller'!D57 -> #REF! | E50: =1000 -> 1000
A51: =A50+1 -> 46 | B51: BBQ Sauce | C51: Meja Biru + Chiller | D51: ='Meja Biru + Chiller'!D58 -> #REF! | E51: =1000 -> 1000
A52: =A51+1 -> 47 | B52: Mentai | C52: Meja Biru + Chiller | D52: ='Meja Biru + Chiller'!D60 -> #REF! | E52: =225+45 -> 270
A53: =A52+1 -> 48 | B53: Mayonaise | C53: Meja Biru + Chiller | D53: ='Meja Biru + Chiller'!D61 -> #REF! | E53: 250
A54: =A53+1 -> 49 | B54: Topokki | C54: Meja Biru + Chiller | D54: ='Meja Biru + Chiller'!D62 -> #REF! | E54: 48
A55: =A54+1 -> 50 | B55: Sosis | C55: Meja Biru + Chiller | D55: ='Meja Biru + Chiller'!D63 -> #REF! | E55: 4
A56: =A55+1 -> 51 | B56: Gourmet | C56: Meja Biru + Chiller | D56: ='Meja Biru + Chiller'!D64 -> #REF! | E56: 250
A57: =A56+1 -> 52 | B57: Pasta Strawberry | C57: Meja Biru + Chiller | D57: ='Meja Biru + Chiller'!D65 -> #REF! | E57: 70
A58: =A57+1 -> 53 | B58: Pasta Blueberry | C58: Meja Biru + Chiller | D58: ='Meja Biru + Chiller'!D66 -> #REF! | E58: 70
A59: =A58+1 -> 54 | B59: Pasta Banana | C59: Meja Biru + Chiller | D59: ='Meja Biru + Chiller'!D67 -> #REF! | E59: =90+200 -> 290
A60: =A59+1 -> 55 | B60: Air Mineral | C60: Meja Biru + Chiller | D60: ='Meja Biru + Chiller'!D68 -> #REF! | E60: 8
A61: =A60+1 -> 56 | B61: Keju Parmesan | C61: Meja Biru + Chiller | D61: ='Meja Biru + Chiller'!D59 -> #REF! | E61: 40
A62: =A61+1 -> 57 | B62: Chili Oil Jago-Jago | C62: Meja Biru + Chiller | D62: ='Meja Biru + Chiller'!D69 -> #REF! | E62: =100 -> 100
A63: =A62+1 -> 58 | B63: Cheese Tteokbokki | C63: Meja Biru + Chiller | D63: ='Meja Biru + Chiller'!D24 -> #REF! | E63: =75 -> 75
A64: =A63+1 -> 59 | B64: Nashville | C64: Meja Biru + Chiller | D64: ='Meja Biru + Chiller'!D72 -> #REF! | E64: =100 -> 100
A65: ▶ FREEZER. AYAM & ALAT
A66: =A64+1 -> 60 | B66: Wings Baru | C66: Freezer & Alat | D66: ='Meja Biru + Chiller'!D123 -> #REF! | E66: 2
A67: =A66+1 -> 61 | B67: Wings Lama | C67: Freezer & Alat | D67: ='Meja Biru + Chiller'!D124 -> #REF! | E67: 1
A68: =A67+1 -> 62 | B68: Pop (baru) | C68: Freezer & Alat | D68: ='Meja Biru + Chiller'!D125 -> #REF! | E68: 2
A69: =A68+1 -> 63 | B69: Pop (lama) | C69: Freezer & Alat | D69: ='Meja Biru + Chiller'!D126 -> #REF! | E69: 1
A70: =A69+1 -> 64 | B70: Ayam Ekor | C70: Freezer & Alat | D70: ='Meja Biru + Chiller'!D127 -> #REF! | E70: 5
A71: =A70+1 -> 65 | B71: Reguler Lama | C71: Freezer & Alat | D71: ='Meja Biru + Chiller'!D128 -> #REF! | E71: 2
A72: =A71+1 -> 66 | B72: Reguler Baru | C72: Freezer & Alat | D72: ='Meja Biru + Chiller'!D129 -> #REF! | E72: 2
A73: =A72+1 -> 67 | B73: Es Batu | C73: Freezer & Alat | D73: ='Meja Biru + Chiller'!D130 -> #REF! | E73: =1/2 -> 0.5
A74: =A73+1 -> 68 | B74: Kentang | C74: Freezer & Alat | D74: ='Meja Biru + Chiller'!D131 -> #REF! | E74: 3
A75: =A74+1 -> 69 | B75: Corndog Moza+Sosis | C75: Freezer & Alat | D75: ='Meja Biru + Chiller'!D132 -> #REF! | E75: 3
A76: =A75+1 -> 70 | B76: Corndog Sosis | C76: Freezer & Alat | D76: ='Meja Biru + Chiller'!D133 -> #REF! | E76: 3
A77: =A76+1 -> 71 | B77: Odeng (porsi) | C77: Freezer & Alat | D77: ='Meja Biru + Chiller'!D134 -> #REF! | E77: 5
A78: =A77+1 -> 72 | B78: Baso Ikan | C78: Freezer & Alat | D78: ='Meja Biru + Chiller'!D135 -> #REF! | E78: 5
A79: =A78+1 -> 73 | B79: Potato Cheese Ball | C79: Freezer & Alat | D79: ='Meja Biru + Chiller'!D136 -> #REF! | E79: 5
A80: =A79+1 -> 74 | B80: Dumpling | C80: Freezer & Alat | D80: ='Meja Biru + Chiller'!D137 -> #REF! | E80: 5
A81: =A80+1 -> 75 | B81: Dimsum Mix | C81: Freezer & Alat | D81: ='Meja Biru + Chiller'!D138 -> #REF! | E81: 1
A82: =A81+1 -> 76 | B82: Ayam Katsu | C82: Freezer & Alat | D82: =#REF! -> #REF! | E82: 5
A83: =A82+1 -> 77 | B83: Cling Pembersih | C83: Freezer & Alat | D83: ='Meja Biru + Chiller'!D143 -> #REF! | E83: 1
A84: =A83+1 -> 78 | B84: Sabun Cuci Piring | C84: Freezer & Alat | D84: ='Meja Biru + Chiller'!D144 -> #REF! | E84: 1
A85: =A84+1 -> 79 | B85: S.O.S Karbol | C85: Freezer & Alat | D85: ='Meja Biru + Chiller'!D145 -> #REF! | E85: 1
A86: =A85+1 -> 80 | B86: Vixal | C86: Freezer & Alat | D86: ='Meja Biru + Chiller'!D146 -> #REF! | E86: 1
A87: =A86+1 -> 81 | B87: Sendok | C87: Freezer & Alat | D87: ='Meja Biru + Chiller'!D147 -> #REF! | E87: 5
A88: =A87+1 -> 82 | B88: Mangkuk Stainless | C88: Freezer & Alat | D88: ='Meja Biru + Chiller'!D148 -> #REF! | E88: 3
A89: =A88+1 -> 83 | B89: Piring Stainless | C89: Freezer & Alat | D89: ='Meja Biru + Chiller'!D149 -> #REF! | E89: 3
A90: =A89+1 -> 84 | B90: Piring Plastik | C90: Freezer & Alat | D90: ='Meja Biru + Chiller'!D150 -> #REF! | E90: 3
A91: =A90+1 -> 85 | B91: Keranjang Kotak Hitam Besi | C91: Freezer & Alat | D91: ='Meja Biru + Chiller'!D151 -> #REF! | E91: 2
A92: =A91+1 -> 86 | B92: Keranjang Bulat Hitam Besi | C92: Freezer & Alat | D92: ='Meja Biru + Chiller'!D152 -> #REF! | E92: 2
A93: =A92+1 -> 87 | B93: Keranjang Merah Plastik | C93: Freezer & Alat | D93: ='Meja Biru + Chiller'!D153 -> #REF! | E93: 2
A94: =A93+1 -> 88 | B94: Keranjang Hitam Plastik | C94: Freezer & Alat | D94: ='Meja Biru + Chiller'!D154 -> #REF! | E94: 2
A95: =A94+1 -> 89 | B95: Gelas Customer | C95: Freezer & Alat | D95: =#REF! -> #REF! | E95: 5
A96: ▶ MEJA LACI
A97: =A95+1 -> 90 | B97: Sticker Thinwal | C97: Meja Laci | E97: 10
A98: =A97+1 -> 91 | B98: Solasi Bening | C98: Meja Laci | D98: #REF! | E98: 1
A99: =A98+1 -> 92 | B99: Cable Ties | C99: Meja Laci | D99: #REF! | E99: 1
A100: =A99+1 -> 93 | B100: Sticky Note | C100: Meja Laci | D100: #REF! | E100: 1
A101: =A100+1 -> 94 | B101: Dus Drakor Stock | C101: Meja Laci | D101: #REF! | E101: 5
...
